title,type,status,error,screenshot
Happy path: basic flow,happy,failed,"Page.fill: Error: Element is not an <input>, <textarea>, <select> or [contenteditable] and does not have a role allowing [aria-readonly]
Call log:
  - waiting for locator(""text=username"")
    - locator resolved to 8 elements. Proceeding with the first one: <li>…</li>
    - fill(""student"")
  - attempting fill action
    - waiting for element to be visible, enabled and editable
",failusecases\20260806_095650_happy_FAIL.png
Negative path: invalid input or missing action,negative,failed,"Page.fill: Error: Element is not an <input>, <textarea>, <select> or [contenteditable] and does not have a role allowing [aria-readonly]
Call log:
  - waiting for locator(""text=username"")
    - locator resolved to 8 elements. Proceeding with the first one: <li>…</li>
    - fill(""invalid_user"")
  - attempting fill action
    - waiting for element to be visible, enabled and editable
",failusecases\20260806_095652_negative_FAIL.png
Edge case: boundary or alternate navigation,edge,passed,,screenshots\20260806_095656_edge_PASS.png
